Organizing Committee,TECHNICAL PROGRAM CHAIRS,Abhinav Muley,"St. Vincent Pallotti College of Engineering and Technology, Nagpur"
Organizing Committee,TECHNICAL PROGRAM CHAIRS,Abhinav Reddy Jutur,J P Morgan Chase and Co.
Organizing Committee,TECHNICAL PROGRAM CHAIRS,Abhishek Shukla,Syracuse University
Organizing Committee,TECHNICAL PROGRAM CHAIRS,Achuta Krishna Kishore Varma Alluri,Informa Support Services Inc
Organizing Committee,TECHNICAL PROGRAM CHAIRS,Adnan Sofi,Central University of Kashmir
Organizing Committee,TECHNICAL PROGRAM CHAIRS,Akoramurthy Balasubramaniam,National Institute of Technology Puducherry
Organizing Committee,TECHNICAL PROGRAM CHAIRS,Ali Nazarizadeh,Islamic Azad University Central Tehran Branch
Organizing Committee,TECHNICAL PROGRAM CHAIRS,Amar Nath,SLIET Longowal India
Organizing Committee,TECHNICAL PROGRAM CHAIRS,Amit Soni Arya,Bennett University
Organizing Committee,TECHNICAL PROGRAM CHAIRS,Amrendra Kumar Sharma,CSJMU
Organizing Committee,TECHNICAL PROGRAM CHAIRS,Anagha Raich,NMIMS SVKM's Mukesh Patel School of Technology Management and Engineering
Organizing Committee,TECHNICAL PROGRAM CHAIRS,ANIKET MULEY,Swami Ramanad Teerth Marathwada University
Organizing Committee,TECHNICAL PROGRAM CHAIRS,Anurag Rana,Shoolini University
Organizing Committee,TECHNICAL PROGRAM CHAIRS,Archana Nandibewoor,"Dayanada Sagar College of Engineering, Bangalore"
Organizing Committee,TECHNICAL PROGRAM CHAIRS,Arvind Jagtap,"Vidya Pratishthan's Kamalnayan Bajaj Institute of Engineering and Technology, Baramati"
Organizing Committee,TECHNICAL PROGRAM CHAIRS,Aryan Patodiya,"California State University, United States of America"
Organizing Committee,TECHNICAL PROGRAM CHAIRS,Ashish Dibouliya,Webster Bank USA
Organizing Committee,TECHNICAL PROGRAM CHAIRS,Ashok Kumar Patil,"PES University, Bangalore"
Organizing Committee,TECHNICAL PROGRAM CHAIRS,Ashutosh Shanker,"Palo Alto Networks, Inc."
Organizing Committee,TECHNICAL PROGRAM CHAIRS,Aysha Khan,Aligarh Muslim University
Organizing Committee,TECHNICAL PROGRAM CHAIRS,Azka Wani,Zayed University
Organizing Committee,TECHNICAL PROGRAM CHAIRS,Basavaraj Sannakashappanavar,Dayananda Sagar College of Engineering Bangalore
Organizing Committee,TECHNICAL PROGRAM CHAIRS,Bhanu Prakash Reddy Rella,Walmart
Organizing Committee,TECHNICAL PROGRAM CHAIRS,Bhavyateja Potineni,CapitalOne
Organizing Committee,TECHNICAL PROGRAM CHAIRS,BIKRAM DAS,"National Institute of Technology, Silchar, Assam, India"
Organizing Committee,TECHNICAL PROGRAM CHAIRS,Bouchaib Cherradi,CRMEF Casablanca-Settat (S. P d'El Jadida)
Organizing Committee,TECHNICAL PROGRAM CHAIRS,Chetan Ratnawat,"Capgemini America Inc, USA"
Organizing Committee,TECHNICAL PROGRAM CHAIRS,Dane Brown,Rhodes University
Organizing Committee,TECHNICAL PROGRAM CHAIRS,Devendran Alagarsamy,Sri Ramachandra Institute of Higher Education and Research (SRIHER) (Deemed to be University)
Organizing Committee,TECHNICAL PROGRAM CHAIRS,Devi Manoharan,ASTA CRS INC
Organizing Committee,TECHNICAL PROGRAM CHAIRS,Devkumar Biswas,"Indian Insitute of Technology, Ropar"
Organizing Committee,TECHNICAL PROGRAM CHAIRS,Fazeelath Tabassum,REVA University
Organizing Committee,TECHNICAL PROGRAM CHAIRS,Ganga Holi,Alliance University
Organizing Committee,TECHNICAL PROGRAM CHAIRS,Goutham Kacheru,Apexon
Organizing Committee,TECHNICAL PROGRAM CHAIRS,Hariharan R,"SRM Institute of Science and Technology, Kattankulathur ,Chennai"
Organizing Committee,TECHNICAL PROGRAM CHAIRS,Harshavardhana Doddamani,S.J.C. Institute of Technology
Organizing Committee,TECHNICAL PROGRAM CHAIRS,Hirenkumar Dholariya,Thermo Fisher Scientific
Organizing Committee,TECHNICAL PROGRAM CHAIRS,Indu Dohare,Motilal Nehru National Institute of Technology Allahabad
Organizing Committee,TECHNICAL PROGRAM CHAIRS,Intyaz Alam,"JNU, New Delhi"
Organizing Committee,TECHNICAL PROGRAM CHAIRS,Irfan Rasool,"School of Engineering and Technology (SET), CGC University, Mohali, 140307, Punjab"
Organizing Committee,TECHNICAL PROGRAM CHAIRS,Jayanta Boruah,Central University of Karnataka
Organizing Committee,TECHNICAL PROGRAM CHAIRS,Junaid Syed,"Georgia Institute of Technology, USA"
Organizing Committee,TECHNICAL PROGRAM CHAIRS,Jyotheeswara Reddy GottamÂ,Walmart Global Technology
Organizing Committee,TECHNICAL PROGRAM CHAIRS,Kaavya Kanagaraj,Central University of Karnataka
Organizing Committee,TECHNICAL PROGRAM CHAIRS,Kapil Mehrotra,"C-DAC, India"
Organizing Committee,TECHNICAL PROGRAM CHAIRS,Kapil Sethi,Bahra university
Organizing Committee,TECHNICAL PROGRAM CHAIRS,Kapil Sethi,Bahra University
Organizing Committee,TECHNICAL PROGRAM CHAIRS,Karthik Bodducherla,Independent Researcher
Organizing Committee,TECHNICAL PROGRAM CHAIRS,Kavita Khobragade,"Fergusson College (Autonomous), Pune"
Organizing Committee,TECHNICAL PROGRAM CHAIRS,khyati bane,Sigma university
Organizing Committee,TECHNICAL PROGRAM CHAIRS,Kishu Gupta,National Sun Yat-sen University
Organizing Committee,TECHNICAL PROGRAM CHAIRS,Krishan Berwal,MCTE
Organizing Committee,TECHNICAL PROGRAM CHAIRS,Krishna Baride,Cummins Inc
Organizing Committee,TECHNICAL PROGRAM CHAIRS,Krishna Chaitanya Yarlagadda,Atlanticus
Organizing Committee,TECHNICAL PROGRAM CHAIRS,Kumar Gaurav,Indian Institute of Roorkee
Organizing Committee,TECHNICAL PROGRAM CHAIRS,Madhu Arora,"Symbiosis Institute of Computer Studies and Research, Symbiosis International (Deemed University)"
Organizing Committee,TECHNICAL PROGRAM CHAIRS,Mahadev Patil,"R. V. University, Bengaluru"
Organizing Committee,TECHNICAL PROGRAM CHAIRS,makhan Kumbhkar,"ICAR-IISR, Indore"
Organizing Committee,TECHNICAL PROGRAM CHAIRS,Mallikarjunaswamy M S,"Sri Jayachamarajendra College of Engineering, JSSSTU, Mysuru"
Organizing Committee,TECHNICAL PROGRAM CHAIRS,manas nag,Central University of Rajasthan
Organizing Committee,TECHNICAL PROGRAM CHAIRS,Manish Adawadkar,Nike
Organizing Committee,TECHNICAL PROGRAM CHAIRS,Manju George,Independent Research
Organizing Committee,TECHNICAL PROGRAM CHAIRS,Manjusha Nair,Amrita Vishwa Vidyapeetham
Organizing Committee,TECHNICAL PROGRAM CHAIRS,Manohar Madgi,"KLE Technological University, Hubballi"
Organizing Committee,TECHNICAL PROGRAM CHAIRS,Mayur Deshmukh,"Vishwakarma University, Pune"
Organizing Committee,TECHNICAL PROGRAM CHAIRS,MD ARQUAM,INDIAN INSTITUTE OF INFORMATIONAL TECHNOLOGY SONEPAT
Organizing Committee,TECHNICAL PROGRAM CHAIRS,Md Haque,ICAR- Indian Agricultural Statistics Research Institute
Organizing Committee,TECHNICAL PROGRAM CHAIRS,MD. IQBAL,"QUANTUM UNIVERSITY, ROORKEE"
Organizing Committee,TECHNICAL PROGRAM CHAIRS,Meenakshi Mohan Bhardwaj,Amity University
Organizing Committee,TECHNICAL PROGRAM CHAIRS,Milankumar Rana,University of the cumberlands
Organizing Committee,TECHNICAL PROGRAM CHAIRS,Minakshi Singh,King Khalid University
Organizing Committee,TECHNICAL PROGRAM CHAIRS,Mohan Gupta,Teerthanker Mahaveer University moradabad
Organizing Committee,TECHNICAL PROGRAM CHAIRS,Nagaratna P Hegde,Vasavi College of Engineering
Organizing Committee,TECHNICAL PROGRAM CHAIRS,NAND YADAV,University Of south Dakota
Organizing Committee,TECHNICAL PROGRAM CHAIRS,Naveen Kumar Dodde Gowda,"Couchbase, Inc. Software Industry"
Organizing Committee,TECHNICAL PROGRAM CHAIRS,NAVNEET KAUR,"SIRT, BHOPAL"
Organizing Committee,TECHNICAL PROGRAM CHAIRS,Nazia Tabassum,"KCCITM, Greater Noida"
Organizing Committee,TECHNICAL PROGRAM CHAIRS,Neelam Sanjeev Kumar,"SRM Institute of Science And Technology,Vadapalani ,Chennai"
Organizing Committee,TECHNICAL PROGRAM CHAIRS,Neelamadhab Padhy,GIET University
Organizing Committee,TECHNICAL PROGRAM CHAIRS,Niharika P Pujari,McGraw Hill LLC
Organizing Committee,TECHNICAL PROGRAM CHAIRS,Nikhil Dhiman,California State University - Los Angeles
Organizing Committee,TECHNICAL PROGRAM CHAIRS,Nilay Vaidya,CMPICA
Organizing Committee,TECHNICAL PROGRAM CHAIRS,Pallab Haldar,Cognizant
Organizing Committee,TECHNICAL PROGRAM CHAIRS,Parag Tamhankar,Georgia State University
Organizing Committee,TECHNICAL PROGRAM CHAIRS,Parbhat Gupta,"SRM Institute of Science and Technology, Delhi NCR Campus, Modinagar, Ghaziabad, Uttar Pradesh"
Organizing Committee,TECHNICAL PROGRAM CHAIRS,Parshuram Kamble,Central University of Karnataka
Organizing Committee,TECHNICAL PROGRAM CHAIRS,Parul Verma,"Amity University Uttar Pradesh, Luckow"
Organizing Committee,TECHNICAL PROGRAM CHAIRS,Peter Dolan,University of Minnesota Morris
Organizing Committee,TECHNICAL PROGRAM CHAIRS,PINTU NAIK,IITJAMMU
Organizing Committee,TECHNICAL PROGRAM CHAIRS,Pradip Ghorpade,"VPKBIET,Baramati"
Organizing Committee,TECHNICAL PROGRAM CHAIRS,PRAHLAD CHOWDHURY,Fujitsu America Inc.
Organizing Committee,TECHNICAL PROGRAM CHAIRS,Prajakta Prakash Talathi,College Ave Student Loan
Organizing Committee,TECHNICAL PROGRAM CHAIRS,Prajna Jha,Amity University Mumbai
Organizing Committee,TECHNICAL PROGRAM CHAIRS,Prakash Hiremath,"KLE Technological University, Hubballi-580031, Karnataka, India"
Organizing Committee,TECHNICAL PROGRAM CHAIRS,Prashant Kumar,Chandigarh University Mohali
Organizing Committee,TECHNICAL PROGRAM CHAIRS,Pratima Manhas,"Manav Rachna International Institute of Research & Studies, Faridabad"
Organizing Committee,TECHNICAL PROGRAM CHAIRS,Raghu Gollapudi,Fiserv Inc
Organizing Committee,TECHNICAL PROGRAM CHAIRS,Rajasekhar Boddu,VIT-AP University
Organizing Committee,TECHNICAL PROGRAM CHAIRS,Rakesh Paul,West Bengal State University
Organizing Committee,TECHNICAL PROGRAM CHAIRS,Rakesh Reddy Thalakanti,Goldman sachs
Organizing Committee,TECHNICAL PROGRAM CHAIRS,Rama Krishna Reddy Arumalla,Tesla
Organizing Committee,TECHNICAL PROGRAM CHAIRS,Ramalingam Dharmalingam,MAJAN University College
Organizing Committee,TECHNICAL PROGRAM CHAIRS,Rana Veer Samara Sihman Bharattej Rupavath,Independent Researcher
Organizing Committee,TECHNICAL PROGRAM CHAIRS,Ravi Sambangi,General Motors
Organizing Committee,TECHNICAL PROGRAM CHAIRS,ravikumar M,kuvempu university
Organizing Committee,TECHNICAL PROGRAM CHAIRS,Ravindra Hegadi,Central University of Karnataka
Organizing Committee,TECHNICAL PROGRAM CHAIRS,Rodrigo Nava,Astrazeneca
Organizing Committee,TECHNICAL PROGRAM CHAIRS,Rohith Vangalla,"Optum Services, Inc"
Organizing Committee,TECHNICAL PROGRAM CHAIRS,S. Patil,"Eternal University, Baru Sahib, HP, India University of Agricultural Science, Bangalore"
Organizing Committee,TECHNICAL PROGRAM CHAIRS,Sai Darshak Reddy Yettapu,University of the Cumberlands
Organizing Committee,TECHNICAL PROGRAM CHAIRS,Sai Dheeraj Sivva,Texas A& M University
Organizing Committee,TECHNICAL PROGRAM CHAIRS,Sai Krishna Gunda,Walmart Global Tech
Organizing Committee,TECHNICAL PROGRAM CHAIRS,Sai Kumar Gunda,Tata consultancy services
Organizing Committee,TECHNICAL PROGRAM CHAIRS,Sai Prasad Mukala,Info Keys Inc
Organizing Committee,TECHNICAL PROGRAM CHAIRS,Sai Santosh Goud Bandari,TCS
Organizing Committee,TECHNICAL PROGRAM CHAIRS,Sameeksha Gupta,Meta
Organizing Committee,TECHNICAL PROGRAM CHAIRS,Sandeep Deshmukh,Biotronik Inc
Organizing Committee,TECHNICAL PROGRAM CHAIRS,Sanjay Jain,"ITM University, India"
Organizing Committee,TECHNICAL PROGRAM CHAIRS,SANJAY PATE,"NANASAHEB Y.N.CHAVAN ARTS,SCIENCE AND COMMERCE COLLEGE, CHALISGAON"
Organizing Committee,TECHNICAL PROGRAM CHAIRS,Sathyanarayanan S,Sri Sathya Sai University for Human Excellence
Organizing Committee,TECHNICAL PROGRAM CHAIRS,Satish Reddy Budati,RiceFW Technologies
Organizing Committee,TECHNICAL PROGRAM CHAIRS,Satyanarayana Gudimetla,Nike India Technology Private Ltd
Organizing Committee,TECHNICAL PROGRAM CHAIRS,Sauhard Bhatt,Independent Researcher
Organizing Committee,TECHNICAL PROGRAM CHAIRS,Shalendra Parashar,Verizon
Organizing Committee,TECHNICAL PROGRAM CHAIRS,Shallu Sehgal,Shoolini Institute of Life Sciences and Business Management
Organizing Committee,TECHNICAL PROGRAM CHAIRS,Sharad Jadhav,"Swami Ramanand Teerth Marathwada University,India"
Organizing Committee,TECHNICAL PROGRAM CHAIRS,Shaveta Thakral,"Pune Institute of Computer Technology, India"
Organizing Committee,TECHNICAL PROGRAM CHAIRS,Sherin zafar,Jamia Hamdard
Organizing Committee,TECHNICAL PROGRAM CHAIRS,Shilpa Sthavarikmath,Central University of Karnataka
Organizing Committee,TECHNICAL PROGRAM CHAIRS,Shivanand Gornale,Rani Channamma University Belagavi
Organizing Committee,TECHNICAL PROGRAM CHAIRS,Shreya Tendulkar,Pune University
Organizing Committee,TECHNICAL PROGRAM CHAIRS,Shweta Pandey,Uttaranchal University
Organizing Committee,TECHNICAL PROGRAM CHAIRS,Siddhant Katkar,Central University of Karnataka
Organizing Committee,TECHNICAL PROGRAM CHAIRS,Sitaram Srivatsavai,Independent Researcher
Organizing Committee,TECHNICAL PROGRAM CHAIRS,Siva Prasad Sunkara,Microsoft Corporation
Organizing Committee,TECHNICAL PROGRAM CHAIRS,Smita Agrawal,"Department Of Electronics and Communication Engineering, Jyothy Institute of Technology"
Organizing Committee,TECHNICAL PROGRAM CHAIRS,SONAM .,USC I & T
Organizing Committee,TECHNICAL PROGRAM CHAIRS,Sopan Talekar,MVPS Karmaveer Adv. Baburao Thakare College of Engineering
Organizing Committee,TECHNICAL PROGRAM CHAIRS,Spoorthy G,VNR Vignana Jyothi Institute of Engineering and technology
Organizing Committee,TECHNICAL PROGRAM CHAIRS,Sri Ram Reddy Durgempudi,"Arriver Software, LLC"
Organizing Committee,TECHNICAL PROGRAM CHAIRS,Srikanth Perla,"Charles River Laboratories Inc, Wilmington, MA. 01887. USA"
Organizing Committee,TECHNICAL PROGRAM CHAIRS,Srinivas Reddy Pulyala,Optiv
Organizing Committee,TECHNICAL PROGRAM CHAIRS,Srinivasu Yalamati,Microsoft Corporation
Organizing Committee,TECHNICAL PROGRAM CHAIRS,Sudeep Mungara,Meta
Organizing Committee,TECHNICAL PROGRAM CHAIRS,Surbhi Gupta,Model Institute of Engineering and Technology
Organizing Committee,TECHNICAL PROGRAM CHAIRS,Suresh Dendukuri,Innovtech Inc
Organizing Committee,TECHNICAL PROGRAM CHAIRS,Swapna Chimanchodkar,IEEE Senior Member
Organizing Committee,TECHNICAL PROGRAM CHAIRS,Swathi P S,Central University of Karnataka
Organizing Committee,TECHNICAL PROGRAM CHAIRS,TAPESH MEGHWAL,CENTRAL UNIVERSITY OF KARNATAKA
Organizing Committee,TECHNICAL PROGRAM CHAIRS,tasneem jahan,sagar institute of researh& Technology
Organizing Committee,TECHNICAL PROGRAM CHAIRS,TAYYAB KHAN,"IIIT SONEPAT, Haryana"
Organizing Committee,TECHNICAL PROGRAM CHAIRS,V Malemath,"KLE M S Sheshgiri College of Engg. and Technology, Belagavi"
Organizing Committee,TECHNICAL PROGRAM CHAIRS,Vaishnavi Dharmalingam,"SRC, SASTRA Deemed to be University, Tamil Nadu, India"
Organizing Committee,TECHNICAL PROGRAM CHAIRS,Vandana Rastogi,MRIIRS
Organizing Committee,TECHNICAL PROGRAM CHAIRS,Venkata Chandra Sekhar Sastry Chilkuri,Apple
Organizing Committee,TECHNICAL PROGRAM CHAIRS,Venkata Raja Ravi Kumar Gelle,Ikonsys
Organizing Committee,TECHNICAL PROGRAM CHAIRS,Venkateswarlu Poka,SAP Labs
Organizing Committee,TECHNICAL PROGRAM CHAIRS,Vidya Pol,CMR University Bangalore
Organizing Committee,TECHNICAL PROGRAM CHAIRS,VIGNESHWARAN S,REVA University
Organizing Committee,TECHNICAL PROGRAM CHAIRS,VIJAYA KITTU MANDA,PBMEIT
Organizing Committee,TECHNICAL PROGRAM CHAIRS,Vijaya Sai Munduru,Independent Researcher
Organizing Committee,TECHNICAL PROGRAM CHAIRS,Vineeth Kumar Reddy Mittamidi,TCS
Organizing Committee,TECHNICAL PROGRAM CHAIRS,Vishal Gangarapu,"Mizuho Financial Group, United States of America"
Organizing Committee,TECHNICAL PROGRAM CHAIRS,Vishweshwarayya Hallur,"Angadi Institute of Technology and Management, Belagavi"
Organizing Committee,TECHNICAL PROGRAM CHAIRS,Vivek Singh,Sharda University
Organizing Committee,TECHNICAL PROGRAM CHAIRS,Ward Ul Hijaz Paul,"University of Kashmir, Srinagar"
Organizing Committee,TECHNICAL PROGRAM CHAIRS,YERRISWAMY T,REVA University
Organizing Committee,TECHNICAL PROGRAM CHAIRS,Yousef Sharafi,"Department of Artificial Intelligence, Science and Research Branch, Islamic Azad University, Tehran, Iran"
Organizing Committee,TECHNICAL PROGRAM CHAIRS,,
Organizing Committee,TECHNICAL PROGRAM CHAIRS,,
Organizing Committee,TECHNICAL PROGRAM CHAIRS,,
Organizing Committee,TECHNICAL PROGRAM CHAIRS,,
Organizing Committee,TECHNICAL PROGRAM CHAIRS,,
Organizing Committee,TECHNICAL PROGRAM CHAIRS,,
Organizing Committee,TECHNICAL PROGRAM CHAIRS,,
Organizing Committee,TECHNICAL PROGRAM CHAIRS,,
Organizing Committee,TECHNICAL PROGRAM CHAIRS,,
Organizing Committee,TECHNICAL PROGRAM CHAIRS,,
Organizing Committee,TECHNICAL PROGRAM CHAIRS,,
Organizing Committee,TECHNICAL PROGRAM CHAIRS,,
Organizing Committee,TECHNICAL PROGRAM CHAIRS,,
Organizing Committee,TECHNICAL PROGRAM CHAIRS,,
Organizing Committee,TECHNICAL PROGRAM CHAIRS,,
Organizing Committee,TECHNICAL PROGRAM CHAIRS,,
Organizing Committee,TECHNICAL PROGRAM CHAIRS,,
Organizing Committee,TECHNICAL PROGRAM CHAIRS,,
Organizing Committee,TECHNICAL PROGRAM CHAIRS,,
Organizing Committee,TECHNICAL PROGRAM CHAIRS,,
Organizing Committee,TECHNICAL PROGRAM CHAIRS,,
Organizing Committee,TECHNICAL PROGRAM CHAIRS,,
Organizing Committee,TECHNICAL PROGRAM CHAIRS,,
Organizing Committee,TECHNICAL PROGRAM CHAIRS,,
Organizing Committee,TECHNICAL PROGRAM CHAIRS,,
Organizing Committee,TECHNICAL PROGRAM CHAIRS,,
Organizing Committee,TECHNICAL PROGRAM CHAIRS,,
Organizing Committee,TECHNICAL PROGRAM CHAIRS,,
Organizing Committee,TECHNICAL PROGRAM CHAIRS,,
Organizing Committee,TECHNICAL PROGRAM CHAIRS,,
Organizing Committee,TECHNICAL PROGRAM CHAIRS,,
Organizing Committee,TECHNICAL PROGRAM CHAIRS,,
Organizing Committee,TECHNICAL PROGRAM CHAIRS,,
Organizing Committee,TECHNICAL PROGRAM CHAIRS,,
Organizing Committee,TECHNICAL PROGRAM CHAIRS,,
Organizing Committee,TECHNICAL PROGRAM CHAIRS,,
Organizing Committee,TECHNICAL PROGRAM CHAIRS,,
Organizing Committee,TECHNICAL PROGRAM CHAIRS,,
Organizing Committee,TECHNICAL PROGRAM CHAIRS,,
Organizing Committee,TECHNICAL PROGRAM CHAIRS,,
Organizing Committee,TECHNICAL PROGRAM CHAIRS,,
Organizing Committee,TECHNICAL PROGRAM CHAIRS,,
Organizing Committee,TECHNICAL PROGRAM CHAIRS,,
Organizing Committee,TECHNICAL PROGRAM CHAIRS,,
Organizing Committee,TECHNICAL PROGRAM CHAIRS,,
Organizing Committee,TECHNICAL PROGRAM CHAIRS,,
Organizing Committee,TECHNICAL PROGRAM CHAIRS,,
Organizing Committee,TECHNICAL PROGRAM CHAIRS,,
Organizing Committee,TECHNICAL PROGRAM CHAIRS,,
Organizing Committee,TECHNICAL PROGRAM CHAIRS,,
Organizing Committee,TECHNICAL PROGRAM CHAIRS,,
Organizing Committee,TECHNICAL PROGRAM CHAIRS,,
Organizing Committee,TECHNICAL PROGRAM CHAIRS,,
Organizing Committee,TECHNICAL PROGRAM CHAIRS,,
Organizing Committee,TECHNICAL PROGRAM CHAIRS,,
Organizing Committee,TECHNICAL PROGRAM CHAIRS,,
Organizing Committee,TECHNICAL PROGRAM CHAIRS,,
Organizing Committee,TECHNICAL PROGRAM CHAIRS,,
Organizing Committee,TECHNICAL PROGRAM CHAIRS,,
Organizing Committee,TECHNICAL PROGRAM CHAIRS,,
Organizing Committee,TECHNICAL PROGRAM CHAIRS,,
Organizing Committee,TECHNICAL PROGRAM CHAIRS,,
Organizing Committee,TECHNICAL PROGRAM CHAIRS,,